Age,Financial Status,Has a Laptop,Type of Internet Connection,CC100,CC101,CC102,CS111/IT112,English Prof,Reading Compre,Science Process,Quantitative,Abstract,CET OAPR,SHS/HS GPA,ABM/BAM,GAS,HUMSS,STEM,Sports Track,TVL-HE,TVL-ICT,Female,Male,Prefer not to say,label
22,5,2,2,1.5,2.0,2.0,2.0,41.05,30.03,29.96,44.18,79.78,42.52,89.5,0,0,0,0,0,0,1,0,1,0,0
24,1,2,1,2.5,3.0,2.0,2.5,61.05,48.4,85.06,89.31,53.29,72.43,89.5,0,0,0,0,0,0,1,0,1,0,1
21,1,2,2,1.0,1.75,1.75,2.0,49.95,71.99,80.93,34.54,72.9,64.72,89.5,0,0,0,1,0,0,0,1,0,0,1
22,0,0,2,1.75,1.25,3.0,1.75,89.71,77.12,36.55,34.54,72.9,78.81,84.4,1,0,0,0,0,0,0,0,1,0,1
23,1,2,2,1.25,1.25,1.75,1.75,95.51,71.99,93.41,44.8,87.72,92.03,91.06,0,0,0,0,0,0,1,1,0,0,1
23,2,2,2,2.0,2.5,2.0,2.25,68.5,66.85,59.25,84.63,83.75,76.07,89.5,0,0,0,0,0,0,1,1,0,0,1
22,0,0,1,1.75,1.75,2.75,2.5,74.8,35.7,72.66,34.54,26.06,61.37,89.5,0,0,0,0,0,0,1,1,0,0,1
21,0,0,1,1.75,1.5,1.75,1.25,78.85,82.26,80.93,70.61,91.68,84.88,89.5,0,0,0,0,0,0,1,0,1,0,1
22,3,0,1,1.75,1.5,1.75,1.75,94.11,87.4,94.84,63.45,83.75,93.22,90.75,0,0,0,0,0,0,1,0,1,0,1
23,1,0,2,2.5,2.0,2.0,2.25,76.83,77.12,72.66,70.61,72.9,76.98,89.5,0,0,0,0,1,0,0,0,1,0,1
23,4,2,2,1.75,2.25,2.25,2.25,84.91,61.11,36.55,79.96,83.75,79.72,89.5,0,0,0,1,0,0,0,0,1,0,1
24,1,2,1,2.0,2.5,2.25,2.25,49.95,87.4,66.81,84.63,72.9,72.43,89.5,0,1,0,0,0,0,0,0,1,0,1
22,0,2,2,2.25,2.75,3.0,2.0,70.75,71.99,72.66,96.87,20.6,77.9,89.5,0,0,0,1,0,0,0,1,0,0,1
22,0,2,1,1.75,1.5,2.25,2.25,83.47,77.12,51.68,84.63,72.9,82.12,91.22,0,0,0,0,0,0,1,1,0,0,1
22,0,2,2,1.25,1.25,1.75,1.5,94.11,87.7,85.06,63.45,87.72,93.85,94.0,1,0,0,0,0,0,0,1,0,0,1
24,1,0,2,1.5,1.5,1.25,2.0,37.99,48.4,66.81,84.63,87.72,63.6,89.5,0,0,0,0,0,0,1,0,1,0,1
24,1,0,1,1.5,2.0,2.0,2.25,76.83,71.99,89.19,84.63,33.69,80.63,89.5,0,0,0,1,0,0,0,1,0,0,1
23,4,2,1,1.75,2.0,2.25,2.25,83.47,71.99,85.06,92.22,72.9,86.95,89.5,0,0,0,1,0,0,0,0,1,0,1
22,3,2,2,1.5,1.25,2.25,1.25,84.91,94.82,51.68,75.28,63.1,84.19,92.0,0,0,0,0,0,0,1,1,0,0,1
22,1,2,1,1.25,1.5,2.0,2.0,89.71,42.05,59.25,44.18,33.69,73.34,89.5,0,0,0,0,0,0,1,0,1,0,1
23,3,2,1,1.75,2.75,2.25,1.75,70.75,82.26,29.96,92.22,53.29,74.25,89.5,0,1,0,0,0,0,0,1,0,0,1
22,1,2,2,2.0,2.25,2.0,2.0,86.35,98.7,94.84,70.61,63.1,91.08,89.5,0,0,0,1,0,0,0,1,0,0,1
24,2,2,1,1.5,2.25,1.75,1.75,94.81,90.94,93.41,89.31,97.87,96.17,89.5,0,0,0,1,0,0,0,1,0,0,1
24,2,0,1,2.0,2.25,2.25,2.25,84.91,90.94,93.41,92.22,83.75,92.03,89.5,0,0,0,0,0,0,1,0,1,0,1
22,1,2,1,1.25,2.0,2.75,2.25,91.83,82.26,91.97,24.91,91.68,89.65,89.5,0,0,0,0,0,0,1,0,1,0,1
21,0,0,1,1.5,1.5,1.75,2.0,92.71,96.76,93.41,94.54,99.28,97.27,89.5,0,0,0,0,0,0,1,0,1,0,1
25,1,2,2,2.25,2.25,1.5,3.0,76.83,77.12,72.66,70.61,72.9,76.98,89.5,0,0,0,1,0,0,0,0,1,0,1
20,0,2,2,1.5,2.0,3.0,3.0,84.91,48.4,97.72,70.61,43.49,83.5,89.5,0,0,0,0,0,0,1,0,1,0,1
23,1,0,1,1.5,1.75,2.0,3.0,58.56,77.12,51.68,79.96,91.68,74.25,93.0,0,1,0,0,0,0,0,0,1,0,1
23,0,2,2,1.5,1.75,2.75,1.5,94.11,87.4,51.68,53.82,91.68,89.17,87.0,0,0,0,0,0,0,1,1,0,0,1
23,2,1,1,1.5,2.25,2.0,2.0,70.75,35.7,85.06,79.96,72.9,74.25,89.5,0,0,0,1,0,0,0,0,1,0,1
24,2,2,2,1.75,1.75,2.0,2.0,66.01,90.94,89.19,98.63,79.78,89.65,95.5,0,0,0,1,0,0,0,0,1,0,1
22,0,2,2,2.5,3.0,2.0,2.75,84.91,61.11,80.93,79.96,72.9,83.5,89.5,0,0,0,0,0,0,1,0,1,0,1
22,0,2,1,1.25,1.25,1.25,2.25,84.91,71.99,66.81,92.22,98.34,89.17,90.59,0,0,0,0,0,0,1,0,1,0,1
22,2,1,1,1.75,2.25,1.75,1.5,74.8,25.06,59.25,44.18,43.49,60.09,87.24,0,0,0,1,0,0,0,0,1,0,1
22,1,0,1,1.5,2.0,2.0,2.0,78.85,71.99,89.19,75.28,15.15,76.98,89.5,0,0,0,0,0,0,1,0,1,0,1
23,1,1,1,2.0,1.75,2.5,2.75,88.66,61.11,76.79,18.16,79.78,79.72,88.94,0,0,0,0,0,0,1,0,0,1,1
23,1,2,2,2.5,2.25,3.0,3.0,66.01,54.75,51.68,44.18,91.68,68.07,82.69,0,0,0,1,0,0,0,0,1,0,1
0,1,0,1,1.5,2.0,2.0,5.0,76.83,77.12,72.66,70.61,72.9,76.98,89.5,0,0,0,0,0,0,1,0,1,0,0
23,2,2,2,1.75,2.5,1.75,2.0,92.02,71.99,66.81,75.28,83.75,92.12,86.58,0,0,0,1,0,0,0,1,0,0,1
23,1,0,2,2.0,2.5,2.75,2.0,72.78,90.94,93.41,53.82,83.75,84.19,89.5,0,0,0,0,0,0,1,1,0,0,1
22,0,0,0,1.25,1.25,2.25,1.25,90.77,82.26,13.15,94.54,72.9,85.57,87.83,1,0,0,0,0,0,0,1,0,0,1
22,3,0,1,2.0,2.0,2.0,2.0,90.77,90.94,66.81,44.18,97.87,89.17,90.0,0,0,0,0,0,0,1,0,1,0,1
21,1,2,2,1.0,2.0,3.0,3.0,70.75,82.26,85.06,18.16,87.72,76.98,89.5,0,1,0,0,0,0,0,0,1,0,1
21,2,2,1,1.75,2.5,2.0,2.0,55.84,48.4,59.25,63.45,72.9,61.37,91.5,0,0,0,0,0,0,1,1,0,0,1
22,1,2,2,2.0,1.25,3.0,1.25,93.41,98.7,85.06,98.29,91.68,97.09,93.0,0,0,0,1,0,0,0,0,1,0,1
21,3,0,0,1.0,1.75,1.5,2.5,93.41,98.7,97.72,94.54,97.87,97.64,89.5,0,0,0,0,0,0,1,0,1,0,1
22,4,2,2,2.5,2.5,2.25,1.75,61.05,71.99,51.68,34.54,43.49,60.09,88.5,0,0,0,0,0,0,1,0,1,0,1
21,2,2,2,2.0,1.5,3.0,1.75,94.81,90.94,93.41,79.96,87.72,94.79,92.5,0,1,0,0,0,0,0,1,0,0,1
21,0,2,1,2.75,1.75,1.75,2.0,76.83,77.12,59.25,34.54,15.15,65.83,89.5,0,0,0,0,0,0,1,0,1,0,1
23,2,2,2,1.75,1.75,1.5,1.5,58.56,92.88,72.66,53.82,79.78,74.25,90.5,0,0,0,0,0,0,1,0,1,0,1
22,1,2,2,1.0,2.0,1.5,1.5,83.47,77.12,51.68,18.16,43.49,71.42,91.93,1,0,0,0,0,0,0,0,1,0,1
22,3,0,1,2.5,1.5,3.0,1.5,47.0,90.94,72.66,97.62,95.65,83.5,91.0,0,0,0,0,0,0,1,0,1,0,1
22,2,2,1,1.75,2.25,1.75,2.0,61.05,25.06,59.25,70.61,72.9,60.09,88.5,0,0,0,1,0,0,0,0,1,0,1
23,1,0,1,1.75,2.25,1.75,2.5,78.85,77.12,76.79,18.16,63.1,74.25,89.5,0,0,0,1,0,0,0,0,1,0,1
0,3,2,1,1.0,1.75,1.5,1.75,55.84,87.4,80.93,70.61,53.29,72.43,90.0,0,0,0,0,0,0,1,1,0,0,1
21,2,2,2,1.25,1.25,1.25,1.25,34.94,66.85,76.79,53.82,83.75,61.37,87.2,0,0,0,0,0,0,1,1,0,0,1
21,3,0,1,1.0,1.75,1.5,1.25,72.78,82.26,59.25,53.82,72.9,74.25,93.5,1,0,0,0,0,0,0,1,0,0,1
23,0,1,0,2.25,2.5,2.25,2.0,72.78,66.85,29.96,34.54,33.69,60.09,82.1705,0,1,0,0,0,0,0,0,1,0,1
21,3,2,2,2.0,3.0,2.0,5.0,76.83,71.99,66.81,70.61,53.29,75.16,90.5,0,0,0,0,0,0,1,0,1,0,1
23,2,0,2,1.5,2.0,2.0,1.25,63.53,77.12,93.41,79.96,54.29,78.81,89.5,0,0,0,1,0,0,0,0,1,0,1
22,3,2,1,1.25,1.5,1.75,2.0,90.77,90.94,85.06,89.31,87.72,92.9,90.44,0,0,0,0,0,0,1,0,1,0,1
21,0,2,2,1.25,1.5,2.5,1.75,83.47,94.82,89.19,70.61,96.65,90.6,84.56,0,0,0,1,0,0,0,0,1,0,1
23,1,2,2,2.0,2.25,2.0,1.75,83.47,90.94,51.68,70.61,79.78,82.81,90.0,0,1,0,0,0,0,0,0,1,0,1
21,2,2,2,1.25,1.5,2.0,1.5,94.11,96.76,93.41,95.71,91.68,96.9,94.5,0,0,0,1,0,0,0,1,0,0,1
22,2,0,2,1.25,2.25,1.5,1.75,52.9,71.99,44.12,53.82,63.1,60.09,88.35,0,1,0,0,0,0,0,1,0,0,1
21,1,0,1,2.25,1.75,1.75,1.5,84.91,71.99,85.06,18.16,79.78,80.63,93.25,0,1,0,0,0,0,0,0,1,0,1
21,0,0,0,1.5,1.5,3.0,2.25,89.71,96.76,91.97,94.54,53.29,93.53,87.5,0,0,0,0,0,0,1,0,1,0,1
23,2,1,2,1.5,2.0,1.75,1.5,44.05,90.94,72.66,79.96,72.9,71.42,89.0,0,1,0,0,0,0,0,1,0,0,1
22,3,2,0,1.0,2.25,3.0,2.0,76.83,71.99,44.12,24.91,83.75,71.42,87.0,1,0,0,0,0,0,0,0,1,0,1
22,1,0,2,1.75,2.5,3.0,1.75,76.83,77.12,72.66,70.61,72.9,76.98,89.5,0,0,0,0,0,0,1,0,1,0,1
22,1,2,2,1.25,2.25,2.25,2.0,80.58,77.12,80.93,14.31,43.49,73.34,94.0,0,0,0,0,0,0,1,1,0,0,1
22,1,0,2,1.0,2.0,1.25,1.25,55.84,35.7,94.84,63.45,63.1,68.07,91.0,0,0,0,1,0,0,0,1,0,0,1
21,1,2,1,2.75,1.5,2.25,1.5,82.02,71.99,85.06,70.61,63.1,82.12,91.5,0,0,0,0,0,0,1,1,0,0,1
22,1,0,0,1.25,2.5,1.75,2.25,76.83,35.7,44.12,70.61,63.1,66.95,91.5,0,0,0,0,0,0,1,0,1,0,1
22,1,1,1,2.5,2.0,3.0,2.0,80.58,77.12,66.81,44.18,79.78,77.9,90.0,0,1,0,0,0,0,0,1,0,0,1
21,0,2,2,1.75,2.5,2.0,2.0,61.05,42.05,51.68,75.28,83.75,65.83,85.5,0,0,0,1,0,0,0,0,1,0,1
24,1,0,1,1.5,2.0,1.75,2.0,72.78,25.06,80.93,70.61,20.6,63.6,91.0,0,0,0,0,0,0,1,1,0,0,1
21,0,2,2,1.25,2.5,2.0,1.25,70.75,90.94,89.19,18.16,33.69,73.34,82.0,0,0,0,0,0,0,1,0,1,0,1
22,0,2,2,2.0,1.5,1.75,1.25,96.08,54.75,93.41,44.18,79.78,90.13,92.785,0,1,0,0,0,0,0,1,0,0,1
21,2,2,1,1.75,1.75,1.5,1.5,63.53,71.99,72.66,70.61,63.1,71.42,92.0,0,1,0,0,0,0,0,0,1,0,1
21,1,0,2,2.75,1.25,3.0,1.5,88.66,94.82,72.66,44.18,79.78,86.95,91.0,0,0,0,1,0,0,0,0,1,0,1
21,1,1,2,2.25,2.25,2.25,1.75,68.5,30.03,72.66,44.18,53.29,61.37,88.5,0,0,1,0,0,0,0,1,0,0,1
21,1,0,0,2.75,1.5,3.0,1.5,72.78,66.85,93.41,70.61,79.78,81.43,88.5,0,0,0,0,0,0,1,0,1,0,1
21,0,2,2,2.5,1.75,3.0,1.5,91.83,90.94,66.81,84.63,79.78,90.13,91.5,0,0,0,0,0,0,1,0,1,0,1
22,1,2,2,1.75,1.0,1.0,1.75,97.39,94.82,89.19,93.38,97.87,97.46,92.5,0,0,0,0,0,0,1,0,1,0,1
21,2,2,2,2.0,2.75,2.0,2.0,66.01,77.12,44.12,53.82,26.06,62.48,85.515,0,0,1,0,0,0,0,1,0,0,1
21,1,2,2,2.0,2.5,3.0,2.0,52.9,54.75,59.25,75.28,53.29,61.37,86.0,0,0,0,0,0,0,1,0,1,0,1
21,1,0,1,2.5,2.25,2.0,2.0,52.9,42.05,59.25,70.61,83.75,62.48,85.5,0,1,0,0,0,0,0,1,0,0,1
22,2,2,2,2.0,2.75,2.0,1.5,52.9,54.75,76.79,34.54,79.78,62.48,92.0,0,0,0,0,0,0,1,1,0,0,1
23,1,2,1,2.5,1.75,3.0,2.0,89.71,82.26,44.12,34.54,72.9,80.63,90.5,0,1,0,0,0,0,0,1,0,0,1
22,4,2,2,1.5,2.0,2.0,2.0,76.83,77.12,72.66,70.61,72.9,76.98,89.5,0,0,0,1,0,0,0,0,1,0,1
21,2,2,1,1.25,2.25,2.25,2.0,66.01,54.75,80.93,75.28,72.9,73.34,93.5,0,0,0,0,0,0,1,1,0,0,1
22,1,2,1,1.75,2.0,2.25,2.0,58.56,66.85,59.25,79.96,72.9,69.19,91.0,0,0,0,1,0,0,0,1,0,0,1
21,2,2,1,1.25,2.25,2.0,1.75,72.78,66.85,51.68,70.61,53.29,70.3,91.165,0,0,0,1,0,0,0,1,0,0,1
22,1,2,1,2.0,2.5,2.0,1.25,49.95,61.11,91.97,53.82,72.9,68.07,86.5,0,1,0,0,0,0,0,0,1,0,1
22,0,0,1,1.5,1.75,2.0,1.5,74.8,66.85,72.66,89.31,72.9,79.72,89.5,0,0,0,0,0,0,1,0,1,0,1
21,2,0,1,1.25,1.5,1.75,1.25,82.02,82.26,80.93,70.61,26.06,79.72,96.19,0,1,0,0,0,0,0,1,0,0,1
22,2,0,1,1.75,1.25,1.75,1.25,91.83,96.76,85.06,94.54,97.87,95.98,95.0,0,0,0,0,0,0,1,0,1,0,1
21,2,2,2,1.25,1.75,2.0,1.25,83.47,82.26,96.28,70.61,91.68,90.13,94.5,0,0,0,1,0,0,0,1,0,0,1
21,1,2,1,2.25,1.75,3.0,1.5,99.85,92.88,99.87,98.63,98.81,99.86,88.8,0,0,0,1,0,0,0,0,1,0,1
22,0,2,2,1.75,1.75,1.5,2.0,98.65,87.4,96.28,84.63,91.68,97.46,83.025,0,0,0,1,0,0,0,0,1,0,1
21,3,2,1,2.0,2.0,2.75,1.5,78.85,71.99,89.19,84.63,72.9,84.19,88.5,1,0,0,0,0,0,0,1,0,0,1
22,1,2,2,2.0,2.25,2.5,2.0,52.9,92.88,93.41,10.45,79.78,72.43,91.5,0,0,0,0,0,0,1,1,0,0,1
21,0,0,1,1.25,2.5,1.5,1.5,88.66,94.82,36.55,92.22,87.72,89.65,88.75,0,0,0,1,0,0,0,0,1,0,1
21,2,0,1,2.5,2.5,2.25,2.0,55.84,66.85,72.66,34.54,53.29,61.37,92.5,0,0,0,0,0,0,1,1,0,0,1
22,0,0,2,1.5,2.0,2.0,2.75,68.5,66.85,66.81,93.38,72.9,77.9,91.58,0,0,0,1,0,0,0,0,1,0,1
21,1,2,1,1.5,2.0,3.0,1.75,93.41,90.94,91.97,70.61,43.49,90.6,88.0,0,1,0,0,0,0,0,0,1,0,1
21,4,2,2,1.25,2.5,1.75,1.75,72.78,35.7,59.25,93.3,79.78,75.16,90.5,0,0,0,1,0,0,0,0,1,0,1
21,2,2,1,1.5,1.5,1.75,1.25,82.02,66.85,80.93,79.96,87.72,84.88,94.5,0,0,0,1,0,0,0,1,0,0,1
22,1,0,1,1.5,2.25,2.25,2.0,55.84,87.4,89.19,63.45,79.78,76.07,90.0,0,0,0,0,0,0,1,1,0,0,1
23,0,2,1,2.25,2.75,2.0,1.75,89.71,77.12,66.81,44.18,53.29,81.43,92.0,0,0,0,0,0,0,1,1,0,0,1
22,1,0,1,2.0,1.5,2.0,1.75,84.91,77.12,80.93,34.54,63.1,80.63,90.1,1,0,0,0,0,0,0,0,1,0,1
23,1,0,1,1.25,2.75,1.75,2.0,47.0,30.03,76.79,70.61,79.78,60.09,92.0,0,1,0,0,0,0,0,1,0,0,1
22,0,2,2,1.5,2.0,2.25,1.5,91.83,77.12,66.81,44.18,87.72,86.26,83.655,0,0,0,1,0,0,0,0,1,0,1
21,1,0,1,1.5,2.5,1.75,2.0,70.75,92.88,80.93,53.82,63.1,78.81,91.5,0,1,0,0,0,0,0,0,1,0,1
22,3,2,1,1.5,1.5,1.5,1.25,61.05,35.7,66.81,84.63,33.69,62.48,91.5,0,0,0,0,0,0,1,1,0,0,1
21,2,2,2,1.75,1.25,3.0,2.5,83.47,99.7,96.28,75.28,72.9,92.03,92.25,0,0,0,0,0,0,1,1,0,0,1
21,1,0,1,1.25,2.0,2.5,2.0,76.83,71.99,80.93,79.96,26.06,76.98,94.0,1,0,0,0,0,0,0,1,0,0,1
21,2,2,2,1.0,2.25,1.75,1.75,66.01,54.75,91.97,34.54,63.1,70.3,91.0,0,0,0,0,0,0,1,1,0,0,1
21,1,2,1,1.75,2.25,1.75,2.0,66.01,54.75,85.06,18.16,72.9,66.95,90.97,0,1,0,0,0,0,0,0,1,0,1
21,1,1,1,1.5,2.0,3.0,1.75,72.78,90.94,72.66,34.54,33.69,72.43,92.5,0,1,0,0,0,0,0,1,0,0,1
23,3,2,2,1.5,2.25,1.75,2.0,80.58,77.12,76.79,24.91,72.9,76.98,87.0,0,0,0,0,0,0,1,0,1,0,1
22,3,2,2,2.75,2.5,2.25,2.5,63.53,48.4,59.25,63.45,63.1,63.9,86.0,0,0,0,0,0,0,1,0,1,0,1
22,1,2,2,2.75,1.25,3.0,1.25,90.77,98.7,80.93,95.71,87.72,95.1,86.35,0,0,0,1,0,0,0,0,1,0,1
25,1,0,1,1.25,2.25,1.75,2.0,78.85,42.05,51.68,53.82,63.1,68.07,80.0,0,0,0,0,0,0,1,0,1,0,1
21,0,2,2,1.5,1.75,2.5,1.5,88.66,77.12,76.79,75.28,79.78,86.95,86.373,0,0,1,0,0,0,0,0,1,0,1
21,1,0,1,1.5,2.25,2.25,1.75,63.53,77.12,80.93,10.45,63.1,65.83,89.0,0,0,0,0,0,1,0,1,0,0,1
23,2,0,1,1.5,2.75,2.25,2.5,61.05,48.4,76.79,75.28,91.68,73.34,87.0,0,0,0,0,0,0,1,1,0,0,1
20,1,2,1,1.5,2.0,1.75,2.0,80.58,71.99,91.97,44.18,53.29,79.72,91.0,0,0,0,0,0,0,1,0,0,1,1
21,2,2,1,3.0,1.75,3.0,5.0,83.47,87.4,97.72,44.18,79.78,88.22,88.5,0,0,0,0,0,0,1,0,1,0,1
21,3,2,2,1.5,2.25,2.0,2.0,72.78,71.99,36.55,84.63,43.49,71.42,94.5,0,0,0,1,0,0,0,1,0,0,1
21,2,0,0,2.0,2.75,2.25,2.0,78.85,61.11,44.12,63.45,79.78,73.34,84.5,0,0,0,0,0,0,1,0,1,0,1
21,1,2,1,1.5,2.5,3.0,2.0,58.56,82.26,85.06,53.82,43.49,70.3,89.465,0,1,0,0,0,0,0,1,0,0,1
21,1,2,1,1.25,1.75,2.75,1.75,63.53,82.26,44.12,79.96,79.78,73.34,90.5,0,0,0,0,0,0,1,0,1,0,1
22,1,2,2,1.0,2.5,1.75,2.0,76.83,71.99,29.96,75.28,43.49,70.3,88.0,0,0,0,0,0,0,1,0,1,0,1
20,1,2,2,1.0,1.25,1.5,1.75,96.95,90.94,93.41,70.61,97.87,96.17,92.0,0,0,0,0,0,0,1,0,1,0,1
22,2,0,1,1.5,2.0,1.25,1.5,83.47,92.88,85.06,53.82,83.75,86.95,89.5,0,0,0,1,0,0,0,0,1,0,1
22,2,0,1,1.5,2.75,2.5,2.25,52.9,48.4,80.93,84.63,83.75,71.42,83.475,0,0,0,1,0,0,0,0,1,0,1
21,2,2,2,1.5,2.5,1.5,2.25,78.85,82.26,29.96,44.18,63.1,71.42,90.5,0,0,0,0,0,0,1,1,0,0,1
22,3,0,1,3.0,1.75,1.75,1.75,70.75,82.26,36.55,53.82,20.6,63.6,89.5,0,0,0,0,0,0,1,1,0,0,1
21,2,0,0,1.0,1.75,1.5,2.5,93.41,98.7,97.72,94.54,97.87,97.64,89.5,0,0,0,0,0,0,1,0,1,0,1
22,2,2,2,1.5,2.5,1.75,2.25,61.05,66.85,72.66,79.96,43.49,69.19,85.5,0,0,0,0,0,0,1,1,0,0,1
21,0,1,1,1.5,2.25,2.5,2.0,74.8,71.99,51.68,53.82,87.72,75.16,87.0,0,0,0,0,0,0,1,0,1,0,1
22,0,1,0,2.25,5.0,1.25,2.25,31.88,87.4,66.81,63.45,72.9,61.37,89.5,0,0,1,0,0,0,0,0,1,0,1
22,0,2,2,2.0,5.0,2.0,2.25,58.56,66.85,59.25,53.82,43.49,61.37,87.855,0,0,1,0,0,0,0,1,0,0,1
20,2,2,1,1.5,2.0,1.75,1.5,74.8,87.4,85.06,34.54,53.29,76.98,92.0,0,0,0,1,0,0,0,1,0,0,1
20,2,2,1,1.0,1.5,2.0,1.5,78.85,92.88,44.12,70.61,79.78,80.63,94.0,0,0,1,0,0,0,0,1,0,0,1
21,2,2,2,1.5,2.75,1.75,1.5,66.01,92.88,3.34,84.63,53.29,66.95,79.935,0,0,0,1,0,0,0,0,1,0,1
20,2,2,2,2.0,1.75,1.75,1.5,72.788,87.4,72.66,53.82,83.75,78.81,88.0,1,0,0,0,0,0,0,1,0,0,1
21,3,2,2,1.5,3.0,2.0,1.75,80.58,87.4,89.19,44.18,79.78,83.5,89.5,0,0,0,0,0,0,1,0,1,0,1
21,0,2,1,1.5,2.75,1.5,1.5,70.75,66.85,51.68,44.18,43.49,64.72,92.5,0,0,0,1,0,0,0,0,1,0,1
20,1,0,1,1.75,1.75,1.25,2.0,95.51,96.76,76.79,63.45,79.78,92.9,92.5,0,0,0,0,0,0,1,1,0,0,1
20,0,0,1,1.0,1.75,2.5,1.75,76.83,96.76,80.93,44.18,43.49,80.63,93.5,0,0,1,0,0,0,0,0,1,0,1
21,2,2,2,1.0,1.75,1.75,1.75,91.83,99.7,94.84,44.18,87.72,93.85,90.88,0,0,0,0,0,1,0,0,1,0,1
22,0,2,2,1.0,1.75,2.75,2.0,86.35,71.99,44.12,84.63,79.78,82.81,91.0,0,0,0,1,0,0,0,0,1,0,1
20,0,2,2,1.0,1.75,1.25,1.25,88.66,42.05,94.84,75.28,53.29,84.88,92.0,0,0,0,0,0,0,1,1,0,0,1
21,2,1,2,1.0,1.75,1.75,2.5,61.05,71.99,44.12,79.96,64.1,68.07,92.5,0,0,0,1,0,0,0,0,1,0,1
21,0,2,2,1.25,1.75,1.75,1.75,72.78,30.03,51.68,53.82,53.29,61.37,90.5,0,1,0,0,0,0,0,1,0,0,1
22,3,2,1,1.0,1.5,2.25,1.75,83.47,66.85,80.93,24.91,72.9,77.9,91.4,1,0,0,0,0,0,0,0,1,0,1
20,2,1,1,1.25,3.0,2.5,2.0,63.53,42.05,51.68,53.82,63.1,60.09,89.5,0,0,0,0,0,0,1,0,1,0,1
22,0,0,1,1.5,1.75,1.75,2.75,52.9,77.12,80.93,84.63,53.29,72.43,88.0,0,1,0,0,0,0,0,1,0,0,1
21,1,2,1,1.0,1.75,1.5,1.75,89.71,48.4,44.12,34.54,53.29,73.34,92.0,1,0,0,0,0,0,0,1,0,0,1
21,0,1,1,1.75,2.75,1.5,1.5,78.85,77.12,72.66,89.31,87.72,84.88,87.889,0,0,0,1,0,0,0,0,1,0,1
21,1,2,1,1.0,1.75,1.25,1.25,80.58,82.26,85.06,63.45,53.29,81.43,87.5,0,0,0,1,0,0,0,1,0,0,1
23,3,1,1,2.75,1.75,2.25,1.5,66.01,87.4,44.12,75.28,83.75,75.16,89.5,1,0,0,0,0,0,0,0,1,0,1
20,2,2,2,1.25,3.0,1.75,2.0,93.41,48.4,93.41,92.22,95.65,93.22,89.5,0,0,0,0,0,0,1,1,0,0,1
22,1,1,1,3.0,2.0,3.0,3.0,68.5,82.26,85.06,70.61,72.9,78.81,89.5,0,1,0,0,0,0,0,0,1,0,1
20,2,2,2,2.25,1.75,1.25,2.25,86.35,30.03,24.36,53.82,63.1,66.95,85.5,0,0,0,1,0,0,0,0,1,0,1
21,3,2,2,1.0,1.75,2.0,2.75,92.71,90.94,66.81,24.91,87.72,87.64,91.0,1,0,0,0,0,0,0,1,0,0,1
24,2,0,2,1.0,1.75,1.75,2.25,66.01,48.4,85.06,63.45,33.69,66.95,92.0,0,0,0,1,0,0,0,0,1,0,1
20,1,1,2,1.75,1.75,3.0,3.0,41.05,77.12,80.93,75.28,13.13,60.09,95.21,0,1,0,0,0,0,0,1,0,0,1
20,2,0,2,1.5,1.75,2.75,2.0,49.95,42.05,44.12,70.61,63.1,54.31,82.665,0,0,0,1,0,0,0,0,1,0,1
22,1,2,2,3.0,1.75,1.5,3.0,63.53,66.85,80.93,44.18,72.9,70.3,89.5,0,0,1,0,0,0,0,0,1,0,1
20,2,2,2,1.0,1.75,1.5,1.5,83.47,66.85,51.68,79.96,43.49,76.98,89.5,1,0,0,0,0,0,0,1,0,0,1
21,1,2,2,1.0,1.75,2.75,3.0,68.5,66.85,44.12,63.45,53.29,65.83,87.445,0,0,0,1,0,0,0,0,1,0,1
23,0,2,2,1.0,1.75,2.25,2.5,86.35,71.99,80.93,44.18,43.49,79.72,86.0,0,0,0,0,0,0,1,0,1,0,1
20,2,2,2,1.0,1.75,1.25,1.75,91.83,99.77,80.93,79.96,33.69,91.56,94.0,0,0,1,0,0,0,0,0,1,0,1
20,3,2,1,1.0,1.75,1.5,1.25,76.83,77.12,72.66,70.61,72.9,76.98,95.0,0,0,0,0,0,0,1,1,0,0,1
21,1,2,1,1.0,1.75,2.0,2.0,83.47,66.85,59.25,53.82,72.9,76.98,84.5,0,0,0,0,0,0,1,1,0,0,1
19,2,2,2,1.0,1.75,1.5,1.5,82.02,87.4,80.93,63.45,72.9,83.5,94.0,0,0,0,1,0,0,0,1,0,0,1
22,3,2,2,2.0,1.75,1.25,1.5,86.35,66.85,98.86,95.71,63.1,92.51,89.5,0,0,0,1,0,0,0,0,1,0,1
20,2,2,1,1.0,1.5,1.75,1.75,86.35,66.85,85.06,24.91,15.15,74.25,94.5,1,0,0,0,0,0,0,1,0,0,1
22,3,2,1,1.25,1.75,1.5,2.0,55.84,77.12,59.25,18.16,43.49,57.2,89.5,0,0,0,0,0,0,1,0,1,0,1
21,1,2,2,3.0,1.75,2.25,2.75,52.9,66.85,44.12,94.54,79.78,71.42,87.5,0,1,0,0,0,0,0,0,1,0,1
21,4,2,2,1.75,2.0,1.75,2.0,84.91,94.82,72.66,24.91,83.75,84.19,88.5,0,0,0,0,0,0,1,0,1,0,1
20,2,2,2,1.0,1.75,1.5,1.25,66.01,66.85,18.75,53.82,83.75,63.6,89.5,0,0,0,0,0,0,1,0,1,0,1
22,0,0,0,2.75,1.75,2.5,2.25,47.0,87.4,59.25,63.45,72.9,65.83,89.5,0,1,0,0,0,0,0,0,1,0,1
20,0,0,1,1.5,3.0,1.5,1.5,70.75,92.88,72.66,34.54,53.29,74.25,85.5,0,0,0,0,1,0,0,0,1,0,1
20,2,0,1,1.0,1.75,2.25,1.75,68.5,48.49,80.93,53.82,91.68,74.25,95.0,0,0,0,0,0,1,0,0,1,0,1
21,2,0,1,1.0,1.75,1.75,2.5,72.78,98.7,59.25,53.82,72.9,79.72,91.5,0,0,0,1,0,0,0,1,0,0,1
20,0,2,2,1.0,1.75,2.0,2.5,96.08,99.7,91.97,24.91,87.72,94.48,92.5,0,0,0,0,0,0,1,1,0,0,1
20,2,2,2,1.0,1.75,2.25,2.5,94.81,96.76,66.81,75.28,79.78,92.51,89.0,0,0,0,1,0,0,0,1,0,0,1
21,2,2,2,1.5,1.75,1.5,2.25,90.77,94.82,66.81,70.61,97.87,91.56,87.945,0,0,1,0,0,0,0,1,0,0,1
20,2,0,1,1.0,1.75,1.25,1.5,68.5,90.94,59.25,44.18,83.75,75.16,86.5,0,0,0,0,0,0,1,0,1,0,1
23,3,2,2,2.25,1.75,1.5,1.25,97.83,98.7,97.72,92.22,79.78,97.8,89.5,0,0,0,1,0,0,0,1,0,0,1
22,1,1,2,3.0,1.75,1.5,2.75,41.05,66.85,36.55,63.45,72.9,54.31,89.5,0,0,0,0,0,0,1,0,1,0,1
20,2,1,2,1.5,1.75,3.0,2.5,89.71,99.7,76.79,53.82,43.49,88.22,84.0,0,0,1,0,0,0,0,1,0,0,1
21,0,2,2,1.0,1.75,2.0,2.75,94.11,61.11,29.96,63.45,63.1,81.43,91.5,0,1,0,0,0,0,0,0,1,0,1
20,2,0,1,3.0,1.75,1.75,3.0,98.65,82.26,93.41,75.28,95.65,96.72,92.5,0,0,0,1,0,0,0,0,1,0,1
21,1,0,1,1.0,1.5,2.25,2.25,76.83,30.03,29.96,75.28,87.72,69.19,91.0,0,0,0,1,0,0,0,0,1,0,1
22,2,1,1,3.0,1.75,1.5,1.75,70.75,54.75,85.06,44.18,26.06,66.95,86.0,0,0,1,0,0,0,0,1,0,0,1
20,2,1,2,2.0,1.75,2.0,2.75,74.8,82.26,80.93,70.61,91.68,83.5,92.0,0,1,0,0,0,0,0,1,0,0,1
21,2,2,0,1.25,2.0,2.75,3.0,89.71,90.94,76.79,44.18,79.78,86.95,85.5,0,1,0,0,0,0,0,0,1,0,1
20,1,1,1,3.0,1.75,1.5,2.75,61.05,82.26,89.19,84.63,79.78,80.63,87.79,0,0,0,1,0,0,0,0,1,0,1
20,1,2,2,2.25,1.75,1.5,1.25,63.53,54.75,59.25,53.82,43.49,61.37,91.0,0,0,0,0,0,0,1,0,1,0,1
21,2,2,2,1.25,1.75,1.75,2.5,88.66,30.03,66.81,63.45,79.78,77.9,83.0,0,1,0,0,0,0,0,0,1,0,1
20,0,2,1,2.5,1.75,2.25,2.5,86.35,66.85,85.06,70.61,87.72,86.26,94.0,0,0,0,0,0,0,1,1,0,0,1
22,2,2,2,1.5,3.0,1.75,2.0,7.83,15.12,13.15,34.54,63.1,11.5,89.5,1,0,0,0,0,0,0,0,1,0,1
21,3,2,1,1.25,1.75,2.0,2.75,61.05,71.99,72.66,18.16,87.72,68.07,89.0,0,0,0,1,0,0,0,1,0,0,1
22,1,0,1,1.25,1.75,3.0,2.25,63.53,71.99,72.66,89.31,72.9,76.07,87.905,0,0,0,0,0,0,1,0,1,0,1
20,0,2,2,1.25,1.5,2.5,3.0,72.78,82.26,44.12,53.82,63.1,71.42,91.5,1,0,0,0,0,0,0,1,0,0,1
21,4,2,2,2.0,1.75,3.0,2.75,49.95,87.4,66.81,53.82,83.75,69.19,92.5,0,0,0,1,0,0,0,0,1,0,1
19,2,2,2,1.5,2.25,1.75,2.75,84.91,48.4,44.12,92.22,79.78,80.63,93.5,0,0,0,1,0,0,0,0,1,0,1
24,0,2,2,1.25,2.25,1.5,1.5,86.35,87.4,93.41,84.63,72.9,90.13,82.5,0,0,0,0,0,0,1,0,1,0,1
21,2,0,2,3.0,1.75,1.75,2.5,76.83,77.12,36.55,34.54,79.78,71.42,86.0,0,0,0,1,0,0,0,0,1,0,1
20,1,2,1,1.75,1.75,1.5,1.5,90.77,94.82,59.25,53.82,53.29,85.57,93.0,0,0,0,0,0,0,1,1,0,0,1
21,2,0,1,3.0,1.75,3.0,3.0,83.47,90.94,94.84,79.96,63.1,89.17,85.785,0,0,0,1,0,0,0,0,1,0,1
21,0,0,1,1.5,3.0,2.0,1.75,74.8,77.12,76.79,63.45,72.9,77.9,90.0,1,0,0,0,0,0,0,1,0,0,1
20,0,2,2,3.0,1.75,2.0,2.75,49.95,66.85,76.79,92.22,63.1,71.42,85.18,0,0,0,1,0,0,0,0,1,0,1
20,2,2,1,1.75,1.75,1.5,2.75,76.83,48.4,51.68,92.22,79.78,76.98,87.155,0,0,0,1,0,0,0,0,1,0,1
21,1,2,1,1.5,2.0,1.75,2.0,47.0,30.03,59.25,44.18,26.06,42.52,89.5,0,0,0,0,0,0,1,1,0,0,1
20,3,2,2,2.25,1.75,1.25,2.25,52.9,77.12,44.12,63.45,83.75,65.83,87.5,0,0,0,0,0,0,1,0,1,0,1
20,4,2,2,1.0,1.5,1.25,2.0,63.53,90.94,85.06,18.16,79.78,74.25,93.5,0,0,0,1,0,0,0,0,1,0,1
21,1,1,1,3.0,1.75,1.75,2.0,82.02,87.4,80.93,84.63,26.06,82.81,91.0,0,0,0,1,0,0,0,1,0,0,1
20,1,2,1,1.0,1.75,1.5,1.75,68.5,77.12,72.66,24.91,83.75,72.43,90.0,0,0,0,0,0,0,1,0,1,0,1
21,2,2,1,1.0,1.75,1.25,1.5,74.8,54.75,66.81,24.91,91.68,72.43,92.0,1,0,0,0,0,0,0,1,0,0,1
23,1,1,2,1.0,1.75,1.25,1.25,68.5,71.99,66.81,79.96,79.78,76.07,91.0,0,0,0,0,0,0,1,0,1,0,1
21,0,2,2,1.0,1.75,1.5,2.75,66.01,71.99,36.55,75.28,87.72,72.43,89.0,0,0,1,0,0,0,0,1,0,0,1
21,2,2,2,1.0,1.25,2.0,1.25,98.17,94.82,80.93,44.18,98.81,96.17,94.16,0,0,1,0,0,0,0,1,0,0,1
22,1,0,1,1.0,1.75,1.25,1.5,82.02,48.4,44.12,18.16,72.9,66.95,90.5,0,0,0,1,0,0,0,1,0,0,1
23,1,0,1,1.5,3.0,1.75,1.75,80.58,87.4,51.68,44.18,87.72,79.72,89.5,0,0,0,0,0,0,1,0,1,0,1
21,2,2,2,2.0,1.75,2.25,2.25,66.01,87.4,89.19,70.61,43.49,76.98,89.0,0,0,1,0,0,0,0,1,0,0,1
20,3,0,2,3.0,2.5,2.5,2.0,86.35,98.79,94.84,76.28,87.72,93.22,89.76,0,0,1,0,0,0,0,1,0,0,1
20,2,0,2,1.5,3.0,1.75,1.5,87.6,90.94,80.93,18.16,79.78,84.19,92.5,0,0,0,0,0,0,1,0,0,1,1
23,4,2,1,1.5,2.0,2.0,2.0,99.32,94.82,80.93,75.28,97.87,97.46,89.5,0,0,0,1,0,0,0,0,1,0,1
20,3,0,2,1.5,1.75,2.0,1.25,87.6,98.7,91.97,75.28,83.75,92.51,94.0,0,0,0,1,0,0,0,1,0,0,1
20,2,1,2,1.0,1.75,1.25,1.75,78.85,90.94,89.19,34.54,72.9,82.12,87.0,0,0,0,0,0,1,0,0,1,0,1
20,3,2,1,1.25,2.0,1.5,2.0,84.91,94.82,91.97,94.54,63.1,92.03,88.0,0,0,0,1,0,0,0,0,1,0,1
21,1,1,2,1.75,1.75,1.75,2.5,52.9,77.12,59.25,53.82,63.1,63.6,86.5,0,1,0,0,0,0,0,1,0,0,1
20,1,1,1,1.5,2.75,1.75,1.75,52.9,77.12,91.97,70.61,53.29,72.43,92.25,0,0,0,0,0,0,1,1,0,0,1
22,2,0,1,1.5,1.75,1.75,2.0,93.41,94.82,72.66,75.28,63.1,90.6,87.5,0,0,0,0,0,1,0,1,0,0,1
22,1,0,1,1.0,1.5,1.5,2.25,78.85,54.75,36.55,63.45,87.72,73.34,90.0,0,0,0,0,0,0,1,1,0,0,1
21,2,2,2,1.75,1.75,1.25,1.5,76.83,66.85,72.66,89.31,72.9,80.63,93.0,0,0,0,1,0,0,0,0,1,0,1
20,2,2,2,1.5,2.75,2.75,1.75,89.71,71.99,44.12,63.45,53.29,79.72,87.25,1,0,0,0,0,0,0,1,0,0,1
22,4,0,1,1.25,2.75,1.25,1.5,83.47,92.88,85.06,53.82,83.75,86.95,89.5,0,0,0,1,0,0,0,0,1,0,1
21,0,2,2,1.0,1.5,2.75,2.25,70.75,90.94,51.68,53.82,43.49,71.42,86.0,0,1,0,0,0,0,0,0,1,0,1
21,0,2,1,1.25,1.75,1.5,2.0,63.53,82.26,72.66,24.91,79.78,70.3,88.0,0,0,0,0,0,0,1,0,1,0,1
20,2,0,1,1.0,1.75,1.75,2.0,58.56,77.12,59.25,75.28,87.72,73.34,90.0,0,0,0,0,0,0,1,0,1,0,1
21,1,1,1,1.5,3.0,2.75,1.75,68.5,61.11,66.81,70.61,83.75,73.34,89.0,0,0,0,1,0,0,0,0,1,0,1
20,1,0,1,1.5,1.75,2.0,3.0,55.84,66.85,59.25,75.28,53.29,64.72,83.0,0,0,0,0,0,0,1,0,1,0,1
21,2,2,2,1.25,1.75,1.5,1.5,87.6,82.26,72.66,79.96,87.72,88.22,83.78,0,0,0,1,0,0,0,0,1,0,1
20,1,2,2,1.0,1.25,2.0,1.25,44.05,77.12,59.25,24.91,83.75,60.09,88.0,0,0,0,1,0,0,0,0,1,0,1
20,0,2,2,1.0,1.5,1.5,1.5,78.85,90.94,80.93,24.91,72.9,79.72,89.26,1,0,0,0,0,0,0,0,1,0,1
20,1,2,1,1.25,2.25,2.75,2.25,86.35,54.75,66.81,24.91,87.72,77.9,87.65,0,0,0,1,0,0,0,1,0,0,1
22,0,2,2,3.0,1.75,2.25,2.5,70.75,54.75,85.06,44.18,26.06,66.95,91.5,0,0,0,0,0,0,1,0,1,0,1
20,1,0,1,1.5,3.0,2.0,2.25,47.0,77.12,93.41,70.61,72.9,73.34,90.565,0,0,1,0,0,0,0,1,0,0,1
24,3,2,2,3.0,1.75,3.0,3.0,80.58,71.99,89.19,0.08,63.1,68.07,89.5,0,0,0,1,0,0,0,0,1,0,1
21,0,2,1,3.0,1.75,3.0,3.0,61.05,54.75,36.55,44.18,95.65,64.72,88.5,0,0,0,0,0,0,1,1,0,0,1
21,3,2,2,1.0,1.75,1.25,1.0,63.53,77.12,85.06,34.54,43.49,69.19,89.0,0,0,0,0,0,0,1,0,1,0,1
21,0,1,2,3.0,1.75,2.75,3.0,68.5,61.11,76.79,53.82,72.9,71.42,86.5,0,0,1,0,0,0,0,0,1,0,1
20,1,1,1,3.0,1.75,2.5,3.0,66.01,61.11,80.93,53.82,20.6,64.72,86.0,1,0,0,0,0,0,0,0,1,0,1
20,0,2,2,1.5,1.75,1.25,1.5,66.01,61.11,24.36,63.45,33.69,57.2,89.0,0,0,0,1,0,0,0,1,0,0,1
21,1,2,1,1.5,1.75,2.5,3.0,41.05,77.12,93.41,84.63,33.69,70.3,87.44,0,0,0,1,0,0,0,0,1,0,1
21,2,2,2,1.75,1.75,1.5,2.25,86.35,66.85,51.68,75.28,72.9,80.63,88.0,0,0,0,1,0,0,0,0,0,1,1
22,2,2,1,1.75,1.75,1.5,1.75,61.05,77.12,76.79,97.62,83.75,83.5,91.5,0,0,0,1,0,0,0,0,1,0,1
21,0,2,2,2.25,2.0,2.5,3.0,72.78,54.75,59.25,24.91,33.69,61.37,85.5,0,0,0,0,0,0,1,0,1,0,1
20,2,2,1,2.0,1.75,1.5,2.25,86.35,35.7,18.75,70.61,53.29,68.07,89.665,0,1,0,0,0,0,0,0,1,0,1
20,1,0,1,2.75,2.5,3.0,3.0,76.83,48.4,89.19,70.61,87.72,80.63,86.0,0,1,0,0,0,0,0,0,1,0,1
22,1,1,1,1.5,1.75,2.0,2.0,31.88,35.7,59.25,75.28,63.1,48.54,89.5,0,0,0,0,0,0,1,0,1,0,1
21,1,1,2,1.5,2.5,1.75,1.5,72.78,92.88,76.79,75.28,53.29,80.63,93.5,0,0,0,1,0,0,0,0,1,0,1
21,2,0,1,2.25,1.75,1.5,2.0,61.05,71.99,59.25,53.82,95.65,72.43,91.1,0,1,0,0,0,0,0,0,1,0,1
22,0,1,1,2.75,1.75,1.75,2.0,66.01,30.03,44.12,92.22,72.9,66.95,84.0,0,0,0,0,0,0,1,0,1,0,1
21,0,2,2,1.25,1.25,1.25,1.75,96.08,66.85,76.79,89.31,79.78,92.03,91.5,0,0,0,0,0,1,0,0,1,0,1
22,2,2,2,1.5,3.0,1.75,1.75,25.99,77.12,36.55,14.31,91.68,47.09,89.5,0,0,0,1,0,0,0,0,1,0,1
22,0,0,1,1.0,1.75,1.5,1.75,76.83,54.75,51.68,44.18,79.78,70.3,80.63,0,0,0,1,0,0,0,0,1,0,1
21,0,2,2,1.0,1.5,2.0,3.0,61.05,90.94,51.68,63.45,72.9,71.42,88.5,0,1,0,0,0,0,0,0,1,0,1
21,2,2,2,1.0,1.75,1.5,2.0,68.5,48.4,44.12,53.82,79.78,64.72,89.0,0,0,0,0,0,0,1,1,0,0,1
22,1,1,1,1.0,1.5,1.5,2.0,78.85,48.4,76.69,24.91,87.72,74.25,91.5,0,0,0,0,0,0,1,1,0,0,1
19,2,0,1,1.5,2.0,3.0,2.75,66.01,71.99,51.68,75.28,53.29,69.19,86.5,0,0,0,1,0,0,0,0,1,0,1
19,1,2,2,1.75,1.75,1.5,2.0,80.58,90.94,72.66,89.31,91.68,88.22,86.0,0,0,0,0,0,0,1,0,1,0,1
19,1,0,1,1.25,2.0,2.25,1.5,55.84,66.85,72.66,93.38,72.9,74.25,95.0,0,0,0,1,0,0,0,1,0,0,1
20,1,2,1,2.5,2.5,2.25,2.5,28.82,30.03,44.12,44.18,63.1,36.36,89.5,0,0,0,1,0,0,0,1,0,0,1
21,0,2,1,1.5,2.75,2.0,2.25,83.47,87.4,72.66,70.61,83.75,84.88,92.28,0,0,0,0,0,0,1,0,1,0,1
20,2,2,1,1.25,1.5,2.25,1.75,66.01,90.94,89.19,10.45,33.69,69.19,85.0,0,1,0,0,0,0,0,0,1,0,1
19,2,2,1,2.0,3.0,1.5,2.0,84.91,77.12,91.97,95.71,79.78,91.08,89.0,0,0,0,1,0,0,0,0,1,0,0
23,0,0,2,1.25,1.75,2.5,2.0,66.01,87.4,51.68,53.82,53.29,69.19,91.5,0,0,0,1,0,0,0,0,1,0,1
20,0,2,2,3.0,3.0,2.25,3.0,86.35,87.4,44.12,70.61,87.72,84.19,84.0,0,0,0,0,0,0,1,0,1,0,1
28,0,0,1,2.0,2.0,2.0,2.0,80.58,82.26,59.25,63.45,53.29,76.98,89.5,0,0,1,0,0,0,0,1,0,0,1
19,1,2,2,2.0,2.5,1.5,1.75,99.64,90.94,94.84,98.63,97.87,99.42,82.5,0,0,0,1,0,0,0,0,0,1,1
20,2,2,2,2.25,2.75,1.75,2.25,83.47,92.88,94.84,79.96,87.72,91.56,90.5,0,0,0,1,0,0,0,1,0,0,1
20,1,0,1,1.5,1.75,3.0,2.5,80.58,90.94,89.19,84.63,79.78,88.22,88.0,0,0,0,0,0,0,1,0,1,0,1
22,1,0,2,1.5,1.5,2.25,2.5,91.83,90.94,76.79,18.16,53.29,84.19,85.0,0,0,0,0,0,0,1,0,1,0,1
19,3,2,1,1.5,1.75,2.75,2.0,98.41,96.76,80.93,95.71,79.78,97.27,94.0,0,0,0,1,0,0,0,1,0,0,1
22,1,0,1,2.5,3.0,2.75,2.75,82.02,90.94,89.19,75.28,83.75,88.22,81.5,0,0,0,0,0,0,1,1,0,0,1
19,3,2,2,1.5,1.5,1.75,2.25,84.91,87.4,96.28,79.96,72.9,90.13,93.0,1,0,0,0,0,0,0,0,1,0,1
19,2,1,1,2.25,3.0,2.0,2.5,70.75,66.85,36.55,84.63,53.29,70.3,89.23,0,0,0,0,0,0,1,0,1,0,1
20,0,0,2,1.75,1.75,3.0,2.25,41.05,54.75,91.97,92.22,43.49,68.07,90.5,0,0,1,0,0,0,0,0,1,0,0
19,3,2,2,1.25,1.75,2.5,2.25,63.53,66.85,59.25,34.54,91.68,69.19,84.5,0,0,0,1,0,0,0,0,1,0,1
19,1,2,2,1.25,1.5,2.25,1.75,72.78,48.4,66.81,53.82,63.1,68.07,91.0,0,0,0,1,0,0,0,1,0,0,1
19,2,2,2,3.0,1.5,2.0,2.75,82.02,82.26,93.41,75.28,72.9,86.95,93.0,0,0,0,1,0,0,0,0,1,0,1
20,3,0,0,1.25,2.25,2.0,2.25,87.6,90.94,76.79,95.71,63.1,90.6,83.72,0,0,0,1,0,0,0,0,1,0,1
19,5,2,2,1.75,2.5,1.5,1.75,94.11,92.88,85.06,75.28,63.1,92.03,94.6,0,0,1,0,0,0,0,0,1,0,1
21,0,0,1,2.0,3.0,2.5,3.0,82.02,71.99,76.79,63.45,72.9,80.63,84.5,0,0,0,0,0,0,1,0,1,0,1
20,0,2,2,1.5,2.75,1.0,2.0,76.83,87.4,59.25,79.96,95.65,84.19,93.5,0,0,0,1,0,0,0,0,1,0,1
23,1,1,2,1.25,1.25,1.75,2.25,58.56,48.4,80.93,70.61,79.78,69.19,94.0,1,0,0,0,0,0,0,0,1,0,1
20,3,2,1,2.0,3.0,1.0,2.25,99.14,98.7,91.97,63.45,99.28,98.18,86.89,0,0,0,1,0,0,0,0,1,0,1
19,3,0,2,1.5,2.0,1.0,1.75,94.81,94.82,89.19,96.87,79.78,96.17,88.0,0,0,0,1,0,0,0,0,1,0,1
20,1,1,0,2.5,3.0,2.75,2.25,78.85,71.99,72.66,84.63,83.75,82.81,89.6,0,0,0,1,0,0,0,1,0,0,1
19,0,2,1,1.5,2.5,1.5,2.5,52.9,71.99,59.25,53.82,98.34,71.42,92.7,0,0,0,1,0,0,0,0,1,0,1
20,0,2,1,1.75,3.0,1.5,2.25,58.56,66.85,66.81,84.63,87.72,74.25,84.34,1,0,0,0,0,0,0,0,1,0,1
22,1,0,2,2.0,3.0,1.75,2.5,90.77,77.12,72.66,75.28,15.15,82.12,94.06,0,0,0,0,0,0,1,0,1,0,1
21,0,1,1,1.5,2.75,1.5,1.75,68.5,82.26,36.55,70.61,72.9,71.42,93.5,0,0,0,1,0,0,0,1,0,0,1
19,1,0,2,2.0,2.25,3.0,3.0,68.5,71.99,18.75,63.45,72.9,64.72,87.0,0,0,0,0,0,1,0,1,0,0,0
19,3,2,2,1.5,2.5,1.75,1.75,34.94,71.99,80.93,53.82,83.75,63.6,89.5,0,0,0,1,0,0,0,1,0,0,1
19,3,2,2,1.5,3.0,1.5,2.0,66.01,48.4,89.19,92.22,43.49,75.16,82.42,0,0,0,0,0,0,1,1,0,0,1
20,3,1,2,2.0,3.0,2.25,2.5,84.91,82.26,44.12,53.82,72.9,78.81,89.21,0,0,0,0,0,0,1,1,0,0,1
19,2,2,2,2.0,2.75,2.5,2.5,89.71,96.76,29.96,63.45,87.72,86.95,93.14,0,0,0,0,0,0,1,0,1,0,1
21,2,2,2,1.75,2.75,1.5,2.25,84.91,82.26,76.79,84.63,98.34,90.13,86.0,0,0,0,1,0,0,0,1,0,0,1
20,0,2,2,1.75,3.0,1.5,2.0,58.56,71.99,59.25,10.45,63.1,57.2,90.5,1,0,0,0,0,0,0,0,1,0,1
20,0,2,2,1.25,3.0,1.5,1.75,98.41,98.7,93.41,99.34,87.72,99.17,92.69,0,0,0,1,0,0,0,0,0,1,1
21,2,2,1,2.5,3.0,1.5,2.5,94.11,90.94,59.25,75.28,72.9,89.65,91.5,0,0,0,0,0,0,1,0,1,0,1
19,0,0,2,1.5,2.75,2.0,2.0,70.75,77.12,66.81,70.61,43.49,72.43,90.0,0,0,0,1,0,0,0,1,0,0,1
21,1,2,1,1.75,2.0,2.75,2.75,86.35,66.85,85.06,14.31,72.9,78.81,90.5,1,0,0,0,0,0,0,0,1,0,1
22,1,0,2,1.75,2.5,2.25,2.5,78.85,77.12,94.84,44.18,79.78,83.5,81.0,0,0,0,1,0,0,0,0,0,1,1
20,1,0,2,1.75,2.5,3.0,2.75,83.47,25.06,24.36,89.31,63.1,70.3,89.5,0,0,0,0,0,0,1,0,1,0,1
20,2,2,1,1.75,2.5,1.75,2.25,76.83,77.12,94.84,44.18,91.68,84.88,91.4,0,0,0,1,0,0,0,1,0,0,1
21,0,2,2,2.0,2.0,1.75,2.5,84.91,48.4,36.55,14.31,33.69,62.48,77.0,0,0,0,1,0,0,0,0,1,0,1
19,0,2,1,1.75,2.0,1.75,2.25,68.5,77.12,97.72,44.18,91.68,83.5,87.0,0,0,1,0,0,0,0,0,1,0,1
22,0,2,1,1.25,1.5,2.0,2.0,78.85,90.94,80.93,63.45,91.68,85.57,92.5,0,0,0,0,0,0,1,1,0,0,1
20,0,0,1,3.0,2.25,2.75,2.75,49.95,82.26,59.25,44.18,83.75,65.83,87.0,1,0,0,0,0,0,0,0,1,0,1
20,1,2,1,1.0,1.5,1.5,1.75,74.8,82.26,36.55,89.31,72.9,77.9,89.33,0,0,0,1,0,0,0,0,1,0,0
20,1,0,1,1.75,1.5,2.0,2.25,68.5,54.75,72.66,70.61,83.75,73.34,84.0,0,0,0,0,0,0,1,0,1,0,1
21,1,1,2,1.25,1.5,2.0,2.25,82.02,71.99,29.96,44.18,79.78,73.34,86.5,0,0,0,0,0,0,1,0,1,0,1
22,0,0,1,1.25,2.0,2.25,2.0,78.85,66.85,36.55,70.61,26.06,68.07,85.0,0,0,0,1,0,0,0,0,1,0,1
22,0,0,1,2.5,2.25,3.0,3.0,52.9,82.26,98.58,34.54,53.29,74.25,84.5,0,0,1,0,0,0,0,0,1,0,1
20,0,0,1,1.75,2.0,3.0,2.75,74.8,82.26,36.55,14.31,33.69,62.48,87.0,0,1,0,0,0,0,0,0,0,1,1
19,3,0,1,1.5,1.75,2.5,2.5,78.85,54.75,66.81,24.91,53.29,68.07,84.5,0,0,1,0,0,0,0,0,1,0,1
19,2,2,2,1.75,1.75,1.5,2.25,96.52,96.76,80.93,70.61,91.68,95.1,90.56,0,0,1,0,0,0,0,0,1,0,1
22,1,2,2,2.25,3.0,3.0,2.0,80.58,77.12,59.25,24.91,43.49,71.42,87.0,0,0,1,0,0,0,0,1,0,0,1
19,1,2,2,1.75,3.0,2.5,3.0,68.5,77.12,72.66,70.61,63.1,74.25,86.5,0,0,0,1,0,0,0,1,0,0,0
20,0,0,1,2.5,3.0,2.25,2.25,83.47,87.4,59.25,63.45,63.1,80.63,88.5,1,0,0,0,0,0,0,1,0,0,1
19,4,2,1,1.25,2.25,2.0,2.5,98.41,99.7,99.14,98.97,63.1,99.23,92.5,0,0,0,1,0,0,0,0,1,0,0
20,0,1,1,1.75,2.0,2.0,1.5,83.47,77.12,72.66,63.45,91.68,84.19,94.5,0,0,0,1,0,0,0,0,1,0,1
20,3,2,2,1.5,2.75,1.5,1.75,86.35,82.26,85.06,79.96,87.72,89.17,85.18,0,0,0,1,0,0,0,0,1,0,1
19,2,2,1,1.5,2.75,1.75,2.0,91.83,92.88,89.19,75.28,87.72,92.9,93.5,0,0,0,0,0,0,1,0,1,0,1
19,0,2,2,1.75,2.5,1.75,2.5,86.35,90.94,80.93,75.28,83.75,88.7,90.5,0,0,0,0,0,0,1,0,1,0,1
20,1,1,2,1.5,3.0,1.5,2.25,74.8,82.26,80.93,63.45,20.6,74.25,87.0,0,0,0,1,0,0,0,0,1,0,1
19,3,2,2,1.25,2.5,2.0,1.5,78.85,66.85,80.93,75.28,53.29,78.81,88.5,0,0,0,1,0,0,0,0,1,0,1
18,1,2,1,1.5,2.75,1.5,2.25,72.78,94.82,76.79,34.54,72.9,78.81,89.5,0,0,0,0,0,0,1,1,0,0,1
20,0,2,2,1.75,2.75,2.0,2.25,66.01,82.26,76.79,70.61,63.1,75.16,87.97,0,0,0,0,0,0,1,0,1,0,1
19,3,2,2,1.75,2.75,1.75,2.5,83.47,92.88,29.96,44.18,33.69,74.25,89.5,0,0,0,0,0,0,1,0,1,0,1
21,0,2,2,1.75,2.25,2.0,2.5,72.78,77.12,59.25,63.45,43.49,71.42,92.36,1,0,0,0,0,0,0,0,1,0,1
19,2,2,2,1.75,2.0,2.0,2.25,88.66,66.85,80.93,70.61,26.06,81.43,87.5,0,0,1,0,0,0,0,0,1,0,1
20,0,2,2,1.75,2.0,1.75,2.0,98.41,92.88,94.84,79.96,95.65,97.46,94.5,1,0,0,0,0,0,0,0,1,0,1
19,1,2,2,1.25,2.25,2.25,2.75,76.83,82.26,76.79,70.61,63.1,79.72,94.0,1,0,0,0,0,0,0,0,1,0,1
19,0,2,2,2.0,2.75,1.75,2.75,83.47,61.11,51.68,63.45,63.1,75.16,89.5,0,0,1,0,0,0,0,0,1,0,1
20,1,1,1,1.75,2.5,1.25,2.0,74.8,48.4,76.79,89.31,53.29,76.07,92.55,0,0,0,1,0,0,0,1,0,0,1
21,0,2,2,2.25,3.0,1.75,2.25,86.35,82.26,89.19,24.91,79.78,84.19,83.0,0,0,0,0,0,0,1,1,0,0,1
20,2,2,2,2.0,2.25,1.75,2.5,55.84,48.4,91.97,18.16,43.49,60.09,92.5,0,0,0,0,0,0,1,0,1,0,1
20,2,1,1,2.0,1.75,1.5,2.25,80.58,96.76,98.58,95.71,72.9,93.85,89.0,0,0,0,0,0,0,1,0,1,0,1
20,1,1,2,1.75,2.0,1.75,2.0,84.91,98.7,72.66,93.38,79.78,91.08,89.5,0,0,0,0,0,0,1,0,1,0,1
21,0,2,2,1.75,2.75,1.75,1.5,91.83,90.94,89.19,79.96,63.1,91.08,89.0,0,0,0,1,0,0,0,1,0,0,1
20,3,2,2,2.0,3.0,2.0,2.75,44.05,61.11,51.68,44.18,87.72,58.64,88.0,0,0,0,1,0,0,0,1,0,0,1
22,1,0,2,1.5,2.75,2.25,2.75,83.47,61.11,66.81,75.28,53.29,77.9,87.0,0,0,0,0,0,0,1,0,1,0,1
19,1,0,1,1.75,2.0,2.0,2.25,68.5,92.88,93.41,84.63,26.06,82.12,87.18,0,0,0,1,0,0,0,0,1,0,1
19,0,2,1,2.0,2.75,2.0,2.5,78.85,82.26,66.81,53.82,87.72,80.63,89.5,0,0,0,0,0,0,1,0,1,0,1
19,0,2,2,1.75,2.5,2.0,2.25,82.02,77.12,76.79,93.38,83.75,87.64,89.5,0,0,0,1,0,0,0,0,1,0,1
19,2,2,2,1.5,3.0,1.75,1.75,97.83,98.7,51.68,96.87,97.87,97.27,93.15,0,0,0,1,0,0,0,0,1,0,1
20,0,2,1,2.0,2.5,1.75,2.0,87.6,92.88,89.19,84.63,87.72,92.03,89.5,0,0,0,0,0,0,1,0,1,0,1
20,1,2,2,2.25,2.5,1.75,1.75,89.71,82.26,66.81,34.54,95.65,86.26,89.5,0,0,0,0,0,0,1,0,1,0,1
21,0,2,2,1.5,2.0,2.75,2.25,58.56,71.99,51.68,6.59,87.72,60.09,90.5,0,0,0,0,0,0,1,0,1,0,0
20,1,2,1,2.25,3.0,2.5,3.0,96.52,90.94,85.06,44.18,63.1,91.56,87.06,0,0,0,0,0,0,1,0,1,0,1
19,2,2,2,1.75,2.5,1.75,2.0,82.02,94.82,80.93,70.61,97.87,89.65,90.25,0,0,0,0,0,1,0,1,0,0,1
19,2,2,2,1.75,2.5,2.0,2.5,76.83,87.4,72.66,24.91,79.78,76.98,83.98,0,0,0,0,0,0,1,0,0,1,1
20,1,0,1,1.25,1.5,2.0,2.0,70.75,90.94,80.93,84.63,15.15,76.98,87.5,0,1,0,0,0,0,0,1,0,0,0
20,1,1,1,2.0,3.0,1.75,2.25,80.58,77.12,85.06,44.18,33.69,76.98,86.5,0,0,0,0,0,0,1,0,1,0,1
19,2,2,2,1.75,2.0,3.0,3.0,96.52,98.7,89.19,75.28,98.34,96.72,91.5,0,1,0,0,0,0,0,0,1,0,0
19,3,2,2,1.25,2.5,1.25,1.75,72.78,90.94,44.12,63.45,63.1,74.25,90.66,0,0,1,0,0,0,0,1,0,0,1
20,1,1,1,1.25,2.25,1.75,1.75,74.8,66.85,44.12,79.96,72.9,74.25,93.5,0,0,0,1,0,0,0,0,1,0,1
19,2,2,2,1.5,1.5,2.5,2.0,52.9,77.12,59.25,75.28,53.29,65.83,88.0,0,1,0,0,0,0,0,0,1,0,1
20,1,2,1,1.5,1.75,2.0,1.5,55.84,66.85,72.66,97.95,95.65,82.81,92.5,1,0,0,0,0,0,0,0,1,0,1
20,1,1,2,1.5,2.75,2.0,2.5,74.8,82.26,80.93,24.91,33.69,72.43,89.5,0,0,0,1,0,0,0,1,0,0,1
19,0,2,2,1.5,1.75,1.25,1.75,96.08,96.76,98.86,97.62,87.72,98.31,95.0,0,0,0,1,0,0,0,0,1,0,1
20,1,2,1,1.75,2.25,2.5,2.5,96.63,68.98,91.68,98.71,87.72,87.54,86.87,0,0,0,1,0,0,0,0,1,0,1
19,0,2,2,1.75,2.5,1.75,2.5,91.83,92.88,72.66,34.54,20.6,82.81,91.4,0,0,0,1,0,0,0,1,0,0,1
20,1,2,1,1.25,1.25,1.75,1.75,61.05,61.11,76.79,53.82,43.49,64.72,89.5,0,0,0,0,0,0,1,0,1,0,1
20,4,2,2,1.5,1.5,1.5,1.5,72.78,71.99,44.12,53.82,83.75,72.43,94.5,1,0,0,0,0,0,0,0,1,0,0
20,1,1,1,2.75,2.75,2.0,2.5,74.8,61.11,66.81,89.31,26.06,73.34,88.0,0,0,0,0,0,0,1,0,1,0,1
20,2,1,1,1.25,2.75,1.75,2.5,78.85,54.75,59.25,95.71,20.6,76.07,89.5,0,0,0,0,0,0,1,0,1,0,1
19,2,2,2,1.75,2.5,1.75,2.25,68.5,87.4,72.66,44.18,72.9,74.25,85.07,0,0,0,1,0,0,0,0,1,0,1
20,3,2,2,1.75,2.0,2.0,2.5,90.77,82.26,59.25,89.31,79.78,88.7,89.5,0,0,0,0,0,0,1,0,1,0,1
19,2,2,2,1.5,2.25,1.75,2.0,83.47,71.99,51.68,53.82,63.1,76.07,90.5,1,0,0,0,0,0,0,0,1,0,1
19,2,2,2,1.5,2.5,1.5,1.75,66.01,48.4,89.19,84.63,72.9,76.07,93.5,1,0,0,0,0,0,0,0,1,0,1
20,2,0,2,1.5,1.75,3.0,2.0,63.53,61.11,72.66,75.28,43.49,68.07,88.0,0,1,0,0,0,0,0,0,1,0,1
21,2,1,1,1.5,2.5,1.75,2.75,80.58,90.94,96.28,75.28,72.9,88.7,94.0,0,0,0,1,0,0,0,0,1,0,1
20,3,1,0,1.75,2.25,2.0,2.5,61.05,35.7,59.25,84.63,20.6,58.64,92.5,0,0,1,0,0,0,0,0,1,0,1
20,1,0,1,1.5,2.25,1.75,2.0,44.05,92.88,80.93,53.82,79.78,71.42,85.5,0,0,0,0,0,1,0,0,1,0,1
20,0,2,2,1.5,2.25,1.75,2.25,93.41,94.82,93.41,93.38,83.75,95.73,91.8,0,0,1,0,0,0,0,0,1,0,1
20,2,2,1,1.5,1.5,2.25,1.75,70.75,61.11,44.12,70.61,53.29,66.95,88.5,0,0,0,1,0,0,0,0,1,0,1
20,0,0,2,1.75,3.0,1.75,2.0,52.9,61.11,80.93,79.96,87.72,73.34,85.5,0,0,0,1,0,0,0,1,0,0,0
20,2,2,2,1.5,1.5,1.5,1.75,37.99,48.4,59.25,84.63,79.78,60.09,97.0,0,1,0,0,0,0,0,0,1,0,1
21,3,1,1,1.5,3.0,1.75,1.5,74.8,61.11,59.25,70.61,79.8,74.25,93.0,0,0,0,1,0,0,0,1,0,0,1
20,0,2,1,1.75,1.75,2.5,1.5,78.85,42.05,51.68,34.54,79.78,68.07,93.5,0,0,0,1,0,0,0,0,1,0,1
20,0,2,2,1.75,3.0,1.5,2.25,88.66,71.99,76.79,63.45,63.1,83.5,86.74,0,0,1,0,0,0,0,0,1,0,1
19,1,2,2,1.75,1.5,2.0,2.75,86.35,48.4,85.06,53.82,87.72,82.81,89.5,0,0,0,1,0,0,0,0,1,0,1
20,0,2,2,2.0,3.0,3.0,3.0,66.01,54.75,80.93,84.63,83.75,76.98,86.13,0,0,0,1,0,0,0,0,1,0,1
21,0,2,2,1.75,3.0,1.75,2.75,66.01,54.75,80.93,84.63,83.75,76.98,83.5,0,0,0,0,0,0,1,0,1,0,1
19,4,2,2,1.5,2.5,1.5,3.0,96.95,94.82,89.19,92.22,95.65,96.9,93.53,0,0,0,1,0,0,0,1,0,0,1
20,0,2,2,2.25,2.25,1.75,3.0,74.8,90.94,89.19,70.61,87.72,85.57,84.0,0,0,0,0,0,0,1,0,1,0,1
20,1,0,1,1.25,1.25,1.75,1.75,66.01,90.94,72.66,44.18,53.29,72.43,90.0,0,0,1,0,0,0,0,0,1,0,1
20,3,2,1,2.0,3.0,1.5,2.75,72.78,66.85,59.25,24.91,87.72,71.42,85.38,1,0,0,0,0,0,0,0,1,0,1
20,0,2,2,2.25,3.0,3.0,2.25,74.8,42.05,18.75,63.45,72.9,62.48,83.0,0,1,0,0,0,0,0,0,1,0,1
19,3,2,2,1.25,2.25,2.0,2.5,78.85,54.75,51.68,79.96,91.68,78.81,85.12,0,0,0,1,0,0,0,0,1,0,1
20,1,2,2,2.0,2.5,2.0,1.75,86.35,71.99,51.68,44.18,79.78,78.81,90.5,0,0,0,0,0,0,1,1,0,0,1
19,2,2,2,1.5,1.75,2.75,1.75,68.5,48.4,29.96,14.31,91.68,60.09,89.5,1,0,0,0,0,0,0,1,0,0,1
19,4,0,2,3.0,2.0,3.0,1.75,49.95,66.85,66.81,84.63,83.75,70.3,93.5,0,0,0,1,0,0,0,0,1,0,1
20,3,1,1,1.75,1.75,2.5,2.0,55.84,90.94,76.79,92.22,79.78,79.72,89.5,0,0,0,0,0,0,1,0,1,0,1
19,1,0,1,1.25,2.0,2.0,1.75,82.02,66.85,59.25,53.82,72.9,76.07,93.0,0,0,0,1,0,0,0,1,0,0,1
23,0,1,0,1.75,3.0,3.0,2.25,68.5,71.99,13.15,53.82,63.1,61.37,90.82,1,0,0,0,0,0,0,0,1,0,1
20,0,2,1,1.25,2.5,1.5,1.5,74.8,48.4,66.81,70.61,87.72,75.16,89.5,1,0,0,0,0,0,0,1,0,0,1
20,0,0,2,1.75,1.75,2.25,2.0,94.81,77.12,85.06,53.82,95.65,92.03,93.0,0,0,1,0,0,0,0,0,1,0,1
19,1,2,1,2.0,2.5,1.75,2.0,84.91,77.12,72.66,53.82,95.65,84.88,89.5,0,0,0,0,0,0,1,1,0,0,1
19,2,1,1,1.5,2.5,2.0,2.0,86.35,66.85,59.25,95.71,63.1,85.57,89.0,0,0,0,1,0,0,0,0,1,0,1
